t,unix_time,north_m,east_m,down_m,vn_m_s,ve_m_s,vd_m_s,roll_deg,pitch_deg,yaw_deg,flight_mode,mission_phase,mission_t0_unix
0.100,1770396644.200056,-0.018,0.017,-0.539,-0.002,-0.000,-0.602,-0.09859880059957504,-0.030048411339521408,0.9876973628997803,,INIT,
0.202,1770396644.302100,-0.018,0.017,-0.600,-0.002,-0.003,-0.588,-0.09642564505338669,-0.0498637855052948,0.9953134655952454,,INIT,
0.303,1770396644.403347,-0.017,0.018,-0.654,-0.001,-0.004,-0.574,-0.08595138043165207,-0.03605148568749428,0.9944969415664673,,INIT,
0.404,1770396644.503993,-0.016,0.019,-0.712,0.000,-0.003,-0.558,-0.10749083012342453,-0.005364242009818554,0.9965314865112305,,INIT,
0.505,1770396644.604996,-0.015,0.020,-0.764,0.002,-0.003,-0.532,-0.12830787897109985,0.010034484788775444,1.0131151676177979,,INIT,
0.606,1770396644.706002,-0.014,0.022,-0.816,0.002,-0.004,-0.466,-0.15515057742595673,0.01910281740128994,1.0033742189407349,,INIT,
0.707,1770396644.807294,-0.013,0.022,-0.857,0.003,-0.005,-0.366,-0.15793773531913757,0.044206541031599045,0.9747976064682007,,INIT,
0.808,1770396644.907937,-0.012,0.023,-0.889,0.005,-0.007,-0.255,-0.14381836354732513,0.0769926980137825,0.9665163159370422,,INIT,
0.909,1770396645.009249,-0.011,0.023,-0.912,0.003,-0.008,-0.189,-0.14059515297412872,0.0929010733962059,0.9766548871994019,,INIT,
1.010,1770396645.110332,-0.010,0.023,-0.933,0.002,-0.008,-0.153,-0.15171754360198975,0.08697770535945892,0.9937391877174377,HOLD,INIT,
1.111,1770396645.210917,-0.009,0.023,-0.951,0.004,-0.008,-0.146,-0.14229291677474976,0.08752403408288956,0.9941458106040955,HOLD,INIT,
1.212,1770396645.311815,-0.008,0.023,-0.970,0.004,-0.010,-0.157,-0.14043286442756653,0.1093800738453865,0.981442391872406,HOLD,INIT,
1.313,1770396645.412933,-0.007,0.023,-0.986,0.003,-0.011,-0.089,-0.06532718986272812,0.09165584295988083,0.9945099353790283,HOLD,INIT,
1.414,1770396645.514276,-0.006,0.023,-0.994,0.002,-0.010,-0.011,0.015300966799259186,0.06349203735589981,1.0052907466888428,HOLD,INIT,
1.515,1770396645.615006,-0.005,0.023,-0.996,0.000,-0.008,0.035,0.046124622225761414,0.031948789954185486,1.0078966617584229,HOLD,INIT,
1.616,1770396645.715856,-0.004,0.024,-0.993,-0.003,-0.007,0.066,0.03324386477470398,0.011372019536793232,0.9919734001159668,HOLD,INIT,
1.717,1770396645.816860,-0.003,0.024,-0.989,-0.000,-0.006,0.082,0.022365713492035866,0.011326898820698261,0.9827709197998047,HOLD,INIT,
1.818,1770396645.918030,-0.002,0.025,-0.984,0.001,-0.005,0.089,-4.986318526789546e-05,0.05516601353883743,0.9678157567977905,HOLD,INIT,
1.919,1770396646.018967,-0.001,0.025,-0.978,0.000,-0.004,0.090,-0.00653778575360775,0.08420320600271225,0.9625969529151917,HOLD,INIT,
2.020,1770396646.119879,-0.001,0.026,-0.972,-0.001,-0.004,0.087,-0.02581726759672165,0.07870036363601685,0.9746110439300537,OFFBOARD,INIT,
2.120,1770396646.220372,-0.000,0.026,-0.966,0.000,-0.004,0.082,-0.029915455728769302,0.08425986021757126,0.9833434820175171,OFFBOARD,INIT,
2.222,1770396646.321555,0.000,0.026,-0.960,-0.000,-0.006,0.073,-0.021607041358947754,0.09737066179513931,0.9942277669906616,OFFBOARD,INIT,
2.322,1770396646.422278,0.001,0.026,-0.955,-0.001,-0.006,0.065,-0.013237103819847107,0.08340618014335632,1.00267493724823,OFFBOARD,INIT,
2.423,1770396646.522830,0.001,0.026,-0.950,-0.002,-0.007,0.054,0.0007749807555228472,0.07493693381547928,0.9893797636032104,OFFBOARD,INIT,
2.524,1770396646.624018,0.001,0.026,-0.947,-0.002,-0.006,0.045,0.006944100838154554,0.08459965139627457,0.9885921478271484,OFFBOARD,INIT,
2.625,1770396646.724802,0.001,0.026,-0.943,-0.007,-0.008,0.035,0.00862071756273508,0.06677814573049545,0.9895312786102295,OFFBOARD,INIT,
2.726,1770396646.825684,0.000,0.026,-0.941,-0.006,-0.005,0.026,-0.0007611417095176876,-0.29288920760154724,0.9792846441268921,OFFBOARD,INIT,
2.827,1770396646.926659,-0.000,0.027,-0.939,0.002,-0.005,0.018,-0.0053378441371023655,-0.9868943095207214,0.9714483618736267,OFFBOARD,INIT,
2.927,1770396647.027110,0.001,0.029,-0.938,0.021,-0.004,0.012,-0.0218436811119318,-1.813094973564148,0.9669365882873535,OFFBOARD,INIT,
3.028,1770396647.127787,0.004,0.030,-0.937,0.056,-0.001,0.004,-0.060896120965480804,-2.4693455696105957,0.9888409972190857,OFFBOARD,INIT,
3.129,1770396647.228851,0.010,0.032,-0.937,0.098,0.001,0.001,-0.09631916880607605,-3.004737138748169,0.9867829084396362,OFFBOARD,INIT,
3.230,1770396647.329809,0.021,0.035,-0.937,0.151,0.002,-0.005,-0.11694518476724625,-3.468461036682129,1.0066449642181396,OFFBOARD,INIT,
3.331,1770396647.430952,0.036,0.037,-0.937,0.208,0.001,-0.009,-0.1380452811717987,-3.8564987182617188,1.0415736436843872,OFFBOARD,INIT,
3.432,1770396647.532153,0.057,0.039,-0.938,0.275,0.003,-0.011,-0.1522148996591568,-4.121389389038086,1.080557942390442,OFFBOARD,INIT,
3.533,1770396647.633003,0.082,0.042,-0.939,0.341,0.003,-0.014,-0.17822204530239105,-4.335611343383789,1.1434013843536377,OFFBOARD,INIT,
3.634,1770396647.734431,0.116,0.044,-0.940,0.415,0.003,-0.016,-0.2020232081413269,-4.417634963989258,1.2307928800582886,OFFBOARD,INIT,
3.736,1770396647.835542,0.153,0.046,-0.941,0.483,0.005,-0.018,-0.2203238606452942,-4.419681072235107,1.2998756170272827,OFFBOARD,INIT,
3.836,1770396647.936260,0.200,0.049,-0.943,0.555,0.004,-0.019,-0.23170171678066254,-4.381969928741455,1.378301739692688,OFFBOARD,INIT,
3.938,1770396648.038174,0.250,0.051,-0.944,0.622,0.006,-0.020,-0.23933136463165283,-4.2574143409729,1.4465053081512451,OFFBOARD,INIT,
4.039,1770396648.138994,0.311,0.054,-0.945,0.691,0.006,-0.022,-0.2706262171268463,-4.103339672088623,1.4872875213623047,OFFBOARD,INIT,
4.140,1770396648.239966,0.374,0.057,-0.947,0.750,0.005,-0.021,-0.28310325741767883,-3.8855795860290527,1.4888622760772705,OFFBOARD,INIT,
4.241,1770396648.340883,0.449,0.060,-0.948,0.814,0.003,-0.023,-0.26819148659706116,-3.655226707458496,1.4869304895401,OFFBOARD,INIT,
4.342,1770396648.441874,0.524,0.062,-0.950,0.868,0.003,-0.023,-0.24584519863128662,-3.411010265350342,1.429211139678955,OFFBOARD,INIT,
4.443,1770396648.542801,0.611,0.064,-0.951,0.923,0.002,-0.021,-0.22376658022403717,-3.1422231197357178,1.375447154045105,OFFBOARD,INIT,
4.544,1770396648.643660,0.735,0.067,-0.953,0.990,0.002,-0.021,-0.22308160364627838,-2.790034532546997,1.3023264408111572,OFFBOARD,INIT,
4.645,1770396648.744730,0.828,0.069,-0.955,1.031,0.001,-0.023,-0.1987188458442688,-2.441638469696045,1.1963579654693604,OFFBOARD,INIT,
4.746,1770396648.845974,0.934,0.071,-0.956,1.069,0.000,-0.021,-0.1870434284210205,-2.112144708633423,1.1439274549484253,OFFBOARD,INIT,
4.847,1770396648.946931,1.035,0.073,-0.958,1.098,0.000,-0.022,-0.18522651493549347,-1.793204426765442,1.1034674644470215,OFFBOARD,INIT,
4.948,1770396649.047792,1.148,0.075,-0.960,1.124,0.000,-0.021,-0.18702717125415802,-1.4562166929244995,1.1008524894714355,OFFBOARD,INIT,
5.049,1770396649.148964,1.255,0.076,-0.961,1.144,0.000,-0.020,-0.19362573325634003,-1.1317329406738281,1.0848225355148315,OFFBOARD,INIT,
5.150,1770396649.250257,1.374,0.078,-0.963,1.160,-0.004,-0.021,-0.18799935281276703,-0.8286447525024414,1.0596762895584106,OFFBOARD,INIT,
5.251,1770396649.351020,1.486,0.079,-0.965,1.170,-0.005,-0.021,-0.15862710773944855,-0.5519750714302063,1.0323209762573242,OFFBOARD,INIT,
5.352,1770396649.451835,1.608,0.079,-0.967,1.177,-0.006,-0.020,-0.12414763122797012,-0.3115087151527405,0.9930506348609924,OFFBOARD,INIT,
5.452,1770396649.552163,1.722,0.079,-0.969,1.178,-0.007,-0.020,-0.0948091521859169,-0.037945132702589035,0.9884719848632812,OFFBOARD,INIT,
5.553,1770396649.652938,1.847,0.079,-0.971,1.177,-0.007,-0.018,-0.07272201776504517,0.18043354153633118,0.9931156635284424,OFFBOARD,INIT,
5.654,1770396649.754098,1.962,0.079,-0.972,1.172,-0.007,-0.016,-0.0723491758108139,0.4032013714313507,1.018608808517456,OFFBOARD,INIT,
5.755,1770396649.854698,2.087,0.080,-0.974,1.163,-0.008,-0.016,-0.06274230778217316,0.6038364768028259,1.0488160848617554,OFFBOARD,INIT,
5.856,1770396649.955971,2.202,0.079,-0.976,1.154,-0.008,-0.015,-0.0357542559504509,0.7366704940795898,1.0629656314849854,OFFBOARD,INIT,
5.957,1770396650.056703,2.326,0.079,-0.978,1.140,-0.009,-0.015,-0.005493787582963705,0.9076618552207947,1.0847798585891724,OFFBOARD,INIT,
6.057,1770396650.157453,2.439,0.079,-0.980,1.125,-0.007,-0.013,0.0241017434746027,1.0182167291641235,1.098892092704773,OFFBOARD,INIT,
6.158,1770396650.258446,2.560,0.079,-0.981,1.108,-0.007,-0.011,0.03745828941464424,1.1012983322143555,1.1073962450027466,OFFBOARD,INIT,
6.260,1770396650.359604,2.671,0.079,-0.983,1.092,-0.007,-0.009,0.04606015607714653,1.1500540971755981,1.0756834745407104,OFFBOARD,INIT,
6.361,1770396650.460514,2.788,0.080,-0.984,1.073,-0.006,-0.008,0.06647921353578568,1.1669431924819946,1.0479375123977661,OFFBOARD,INIT,
6.461,1770396650.560978,2.895,0.080,-0.985,1.055,-0.004,-0.007,0.09682869911193848,1.247382402420044,1.0104786157608032,OFFBOARD,INIT,
6.563,1770396650.662580,3.008,0.081,-0.986,1.034,-0.003,-0.006,0.08255306631326675,1.254080057144165,0.9802582263946533,OFFBOARD,INIT,
6.664,1770396650.763819,3.111,0.081,-0.987,1.016,-0.002,-0.004,0.07560911774635315,1.2113361358642578,0.9602524042129517,OFFBOARD,INIT,
6.765,1770396650.865052,3.220,0.083,-0.987,0.995,0.000,-0.004,0.08027840405702591,1.1483991146087646,0.9326618313789368,OFFBOARD,INIT,
6.866,1770396650.966032,3.319,0.084,-0.988,0.978,0.002,-0.004,0.0828283503651619,1.0522581338882446,0.9001632928848267,OFFBOARD,INIT,
6.967,1770396651.066906,3.424,0.087,-0.989,0.962,0.004,-0.004,0.03668058291077614,0.9531124830245972,0.8614031076431274,OFFBOARD,INIT,
7.068,1770396651.168150,3.520,0.090,-0.990,0.945,0.005,-0.004,0.021768879145383835,0.8451341390609741,0.8369660973548889,OFFBOARD,INIT,
7.169,1770396651.269209,3.621,0.093,-0.990,0.930,0.005,-0.003,0.008538168855011463,0.7408506870269775,0.8195127248764038,OFFBOARD,INIT,
7.270,1770396651.370363,3.714,0.097,-0.991,0.918,0.005,-0.004,-0.007825806736946106,0.6433016657829285,0.7865158915519714,OFFBOARD,INIT,
7.371,1770396651.470968,3.812,0.100,-0.991,0.906,0.003,-0.002,-0.02466941624879837,0.5468886494636536,0.7799667716026306,OFFBOARD,INIT,
7.472,1770396651.572324,3.901,0.103,-0.991,0.896,0.003,-0.002,-0.01931007020175457,0.40439140796661377,0.7696377635002136,OFFBOARD,INIT,
7.574,1770396651.673518,3.996,0.106,-0.991,0.888,0.003,-0.001,-0.03497721254825592,0.2923048436641693,0.7328619360923767,OFFBOARD,INIT,
7.675,1770396651.774569,4.084,0.110,-0.991,0.882,0.005,-0.002,-0.0414513535797596,0.2144300490617752,0.7096556425094604,OFFBOARD,INIT,
7.776,1770396651.875767,4.177,0.114,-0.991,0.879,0.006,-0.002,-0.0867372527718544,0.06364984810352325,0.6909651756286621,OFFBOARD,INIT,
7.877,1770396651.977117,4.263,0.117,-0.992,0.877,0.005,-0.002,-0.1108696311712265,0.39555463194847107,0.7131340503692627,OFFBOARD,INIT,
7.978,1770396652.078416,4.355,0.121,-0.992,0.864,0.006,-0.004,-0.11844493448734283,1.0528141260147095,0.7374404072761536,OFFBOARD,INIT,
8.080,1770396652.179988,4.438,0.124,-0.992,0.841,0.005,-0.005,-0.13779979944229126,1.7473739385604858,0.7430959939956665,OFFBOARD,INIT,
8.181,1770396652.280729,4.524,0.128,-0.993,0.804,0.006,-0.006,-0.018669310957193375,2.351598024368286,0.9182116389274597,OFFBOARD,INIT,
8.281,1770396652.381237,4.600,0.132,-0.993,0.763,0.008,-0.005,0.2057376503944397,2.816498041152954,1.4915153980255127,OFFBOARD,INIT,
8.382,1770396652.481887,4.678,0.136,-0.994,0.708,0.014,-0.004,0.3810083866119385,3.148210287094116,2.41567325592041,OFFBOARD,INIT,
8.483,1770396652.583057,4.745,0.141,-0.995,0.656,0.022,-0.005,0.5576685070991516,3.420525312423706,3.9383816719055176,OFFBOARD,INIT,
8.584,1770396652.684009,4.811,0.146,-0.996,0.592,0.030,-0.003,0.6923953294754028,3.5822060108184814,6.22324275970459,OFFBOARD,INIT,
8.685,1770396652.784763,4.867,0.152,-0.997,0.532,0.035,-0.003,0.8122072219848633,3.654487371444702,8.56046199798584,OFFBOARD,INIT,
8.785,1770396652.885264,4.901,0.156,-0.998,0.490,0.038,-0.002,1.012617826461792,3.6142563819885254,11.428924560546875,OFFBOARD,INIT,
8.886,1770396652.986062,4.951,0.162,-0.998,0.424,0.044,-0.000,1.3148471117019653,3.4760806560516357,14.583176612854004,OFFBOARD,INIT,
8.987,1770396653.087192,4.992,0.169,-0.998,0.366,0.051,0.002,1.5674229860305786,3.256653070449829,17.860383987426758,OFFBOARD,INIT,
9.088,1770396653.187875,5.030,0.177,-0.998,0.305,0.062,0.001,1.894058108329773,2.9747672080993652,21.229400634765625,OFFBOARD,INIT,
9.189,1770396653.288969,5.060,0.185,-0.999,0.250,0.076,0.000,2.2248902320861816,2.613565444946289,24.592870712280273,OFFBOARD,INIT,
9.290,1770396653.390300,5.088,0.196,-0.999,0.193,0.095,-0.000,2.4652211666107178,2.2284998893737793,27.522415161132812,OFFBOARD,INIT,
9.392,1770396653.491467,5.107,0.207,-0.999,0.144,0.116,-0.000,2.748706340789795,1.7093446254730225,31.230966567993164,OFFBOARD,INIT,
9.493,1770396653.592649,5.123,0.222,-1.000,0.096,0.142,0.001,2.9138553142547607,1.2128403186798096,34.4732551574707,OFFBOARD,INIT,
9.594,1770396653.693980,5.133,0.239,-1.000,0.056,0.171,0.003,3.0617427825927734,0.7091601490974426,37.64748764038086,OFFBOARD,INIT,
9.695,1770396653.794888,5.140,0.259,-0.999,0.014,0.205,0.005,3.1197469234466553,0.20707160234451294,40.73400115966797,OFFBOARD,INIT,
9.796,1770396653.895646,5.142,0.291,-0.998,-0.034,0.256,0.005,3.0537607669830322,-0.26594486832618713,43.74720001220703,OFFBOARD,INIT,
9.897,1770396653.996549,5.139,0.317,-0.997,-0.060,0.296,0.004,2.963174819946289,-0.7314938902854919,46.667755126953125,OFFBOARD,INIT,
9.998,1770396654.097659,5.134,0.349,-0.996,-0.087,0.340,0.002,2.840092897415161,-1.1368409395217896,49.55097579956055,OFFBOARD,INIT,
10.099,1770396654.198510,5.128,0.371,-0.995,-0.102,0.368,0.001,2.672455072402954,-1.5215367078781128,52.401611328125,OFFBOARD,INIT,
10.200,1770396654.299858,5.118,0.407,-0.995,-0.122,0.412,0.000,2.458742380142212,-1.906820297241211,55.226959228515625,OFFBOARD,INIT,
10.301,1770396654.400604,5.101,0.466,-0.994,-0.144,0.477,-0.001,2.179762125015259,-2.214594602584839,58.07133865356445,OFFBOARD,INIT,
10.402,1770396654.501754,5.085,0.517,-0.994,-0.154,0.528,-0.002,1.8263922929763794,-2.4478187561035156,60.86921691894531,OFFBOARD,INIT,
10.503,1770396654.603049,5.070,0.568,-0.994,-0.161,0.571,-0.002,1.5195233821868896,-2.6402902603149414,63.70648956298828,OFFBOARD,INIT,
10.604,1770396654.703541,5.053,0.628,-0.995,-0.164,0.621,-0.001,1.21470046043396,-2.7956252098083496,66.5475845336914,OFFBOARD,INIT,
10.705,1770396654.804839,5.042,0.668,-0.995,-0.164,0.651,-0.003,0.864794135093689,-2.8663055896759033,69.43973541259766,OFFBOARD,INIT,
10.806,1770396654.906186,5.026,0.732,-0.995,-0.162,0.695,-0.004,0.541603147983551,-2.8850042819976807,72.35548400878906,OFFBOARD,INIT,
10.907,1770396655.006849,5.008,0.805,-0.995,-0.159,0.743,-0.003,0.22696687281131744,-2.8877804279327393,75.29832458496094,OFFBOARD,INIT,
11.008,1770396655.107647,4.992,0.878,-0.995,-0.154,0.786,-0.003,-0.09796242415904999,-2.795881748199463,78.24442291259766,OFFBOARD,INIT,
11.108,1770396655.208027,4.975,0.962,-0.995,-0.144,0.831,-0.003,-0.3723047375679016,-2.6338346004486084,81.24388122558594,OFFBOARD,INIT,
11.209,1770396655.308931,4.960,1.044,-0.995,-0.133,0.870,-0.004,-0.6485238671302795,-2.3959219455718994,84.21846771240234,OFFBOARD,INIT,
11.310,1770396655.409784,4.946,1.137,-0.996,-0.118,0.908,-0.004,-0.8286030292510986,-2.1088318824768066,87.19139862060547,OFFBOARD,INIT,
11.411,1770396655.510965,4.934,1.227,-0.997,-0.105,0.941,-0.004,-0.8800381422042847,-1.828202247619629,90.13902282714844,OFFBOARD,INIT,
11.512,1770396655.611605,4.923,1.329,-0.998,-0.089,0.973,-0.004,-0.8580529689788818,-1.5592936277389526,92.7372817993164,OFFBOARD,INIT,
11.612,1770396655.712196,4.914,1.426,-0.999,-0.078,0.999,-0.002,-0.7146894335746765,-1.275431513786316,96.03333282470703,OFFBOARD,INIT,
11.714,1770396655.814034,4.906,1.534,-0.999,-0.069,1.023,-0.001,-0.5928736329078674,-1.0033659934997559,98.60904693603516,OFFBOARD,INIT,
11.815,1770396655.914474,4.899,1.636,-0.999,-0.064,1.042,-0.001,-0.3668622672557831,-0.7671218514442444,101.5868148803711,OFFBOARD,INIT,
11.915,1770396656.014994,4.893,1.749,-1.000,-0.059,1.056,-0.000,-0.10720771551132202,-0.4869396388530731,104.54977416992188,OFFBOARD,INIT,
12.016,1770396656.115553,4.888,1.855,-1.000,-0.060,1.066,-0.000,0.23162896931171417,-0.24685275554656982,107.88446807861328,OFFBOARD,INIT,
12.116,1770396656.215719,4.882,1.970,-0.999,-0.064,1.073,0.001,0.6006736159324646,-0.10629201680421829,110.82965850830078,OFFBOARD,INIT,
12.216,1770396656.316139,4.877,2.078,-0.999,-0.070,1.075,-0.000,1.01376211643219,-0.021815355867147446,113.76898956298828,OFFBOARD,INIT,
12.317,1770396656.416980,4.871,2.194,-0.999,-0.084,1.074,-0.002,1.425013542175293,0.05562528222799301,116.7132797241211,OFFBOARD,INIT,
12.417,1770396656.517374,4.864,2.301,-1.000,-0.101,1.066,0.000,1.8256508111953735,0.09016338735818863,119.6298828125,OFFBOARD,INIT,
12.518,1770396656.617937,4.856,2.416,-1.000,-0.122,1.052,0.001,2.215538740158081,0.0009888833155855536,122.54219055175781,OFFBOARD,INIT,
12.619,1770396656.718949,4.846,2.520,-1.000,-0.149,1.037,0.001,2.569624185562134,-0.10057959705591202,125.46532440185547,OFFBOARD,INIT,
12.720,1770396656.819790,4.828,2.666,-1.001,-0.192,1.010,0.001,2.8837616443634033,-0.2013266384601593,128.37757873535156,OFFBOARD,INIT,
12.821,1770396656.920866,4.817,2.733,-1.001,-0.216,0.995,0.001,3.1689453125,-0.33991360664367676,131.2998046875,OFFBOARD,INIT,
12.922,1770396657.022090,4.797,2.840,-1.001,-0.255,0.966,0.001,3.423513174057007,-0.5436923503875732,134.22930908203125,OFFBOARD,INIT,
13.023,1770396657.122960,4.775,2.935,-1.002,-0.297,0.938,-0.001,3.618283987045288,-0.7577462792396545,137.158447265625,OFFBOARD,INIT,
13.124,1770396657.224270,4.746,3.036,-1.003,-0.343,0.903,0.001,3.7770214080810547,-0.9764593839645386,140.10682678222656,OFFBOARD,INIT,
13.225,1770396657.325096,4.716,3.125,-1.004,-0.389,0.869,0.000,3.878173589706421,-1.1969629526138306,143.0736846923828,OFFBOARD,INIT,
13.326,1770396657.425931,4.678,3.216,-1.005,-0.439,0.830,0.002,3.93426775932312,-1.394473910331726,146.0514678955078,OFFBOARD,INIT,
13.427,1770396657.527292,4.637,3.296,-1.006,-0.486,0.792,0.002,3.9646360874176025,-1.6010349988937378,148.99655151367188,OFFBOARD,INIT,
13.528,1770396657.627672,4.588,3.379,-1.007,-0.540,0.749,0.003,3.9418201446533203,-1.7895145416259766,151.96975708007812,OFFBOARD,INIT,
13.629,1770396657.729083,4.537,3.449,-1.008,-0.590,0.708,0.005,3.877081871032715,-1.9180670976638794,154.9298858642578,OFFBOARD,INIT,
13.730,1770396657.830364,4.476,3.521,-1.008,-0.644,0.661,0.004,3.7948179244995117,-2.01861310005188,157.52635192871094,OFFBOARD,INIT,
13.831,1770396657.930995,4.415,3.583,-1.008,-0.692,0.617,0.005,3.642120122909546,-2.0959737300872803,160.48301696777344,OFFBOARD,INIT,
13.932,1770396658.031872,4.343,3.644,-1.008,-0.744,0.570,0.007,3.5098800659179688,-2.1595308780670166,163.78927612304688,OFFBOARD,INIT,
14.033,1770396658.132734,4.272,3.696,-1.009,-0.789,0.525,0.006,3.3678455352783203,-2.1898386478424072,166.74343872070312,OFFBOARD,INIT,
14.135,1770396658.234554,4.189,3.747,-1.009,-0.836,0.474,0.007,3.2422499656677246,-2.2049317359924316,169.33749389648438,OFFBOARD,INIT,
14.236,1770396658.335650,4.108,3.789,-1.009,-0.876,0.429,0.007,3.055581569671631,-2.1494104862213135,172.64895629882812,OFFBOARD,INIT,
14.337,1770396658.436731,4.015,3.829,-1.009,-0.916,0.381,0.008,2.942218065261841,-2.0841259956359863,175.59715270996094,OFFBOARD,INIT,
14.438,1770396658.538094,3.925,3.861,-1.009,-0.950,0.335,0.008,2.8123536109924316,-1.9563466310501099,178.5517120361328,OFFBOARD,INIT,
14.539,1770396658.638966,3.824,3.891,-1.009,-0.983,0.285,0.010,2.7246317863464355,-1.8592002391815186,-178.4969482421875,OFFBOARD,INIT,
14.640,1770396658.739733,3.727,3.914,-1.009,-1.010,0.241,0.010,2.623835802078247,-1.6928528547286987,-175.57521057128906,OFFBOARD,INIT,
14.742,1770396658.842400,3.619,3.933,-1.008,-1.033,0.191,0.010,2.595700740814209,-1.6160732507705688,-172.9746551513672,OFFBOARD,INIT,
14.843,1770396658.943037,3.516,3.947,-1.007,-1.051,0.145,0.009,2.5313146114349365,-1.4861119985580444,-170.00071716308594,OFFBOARD,INIT,
14.944,1770396659.043847,3.403,3.956,-1.007,-1.067,0.096,0.008,2.4874749183654785,-1.3005715608596802,-167.04806518554688,OFFBOARD,INIT,
15.046,1770396659.145948,3.296,3.960,-1.007,-1.079,0.051,0.009,2.514838933944702,-1.1614935398101807,-164.0989227294922,OFFBOARD,INIT,
15.147,1770396659.246731,3.180,3.960,-1.007,-1.085,0.001,0.008,2.549278497695923,-1.0441615581512451,-161.1281280517578,OFFBOARD,INIT,
15.247,1770396659.347436,3.072,3.955,-1.007,-1.088,-0.046,0.009,2.578334093093872,-0.8742701411247253,-158.16452026367188,OFFBOARD,INIT,
15.348,1770396659.448067,2.955,3.944,-1.007,-1.084,-0.095,0.008,2.610532283782959,-0.7435625195503235,-155.20677185058594,OFFBOARD,INIT,
15.449,1770396659.549299,2.847,3.930,-1.008,-1.078,-0.140,0.009,2.6670167446136475,-0.6865894794464111,-152.2235107421875,OFFBOARD,INIT,
15.550,1770396659.650066,2.731,3.910,-1.007,-1.069,-0.189,0.010,2.7519431114196777,-0.5799701809883118,-149.2491912841797,OFFBOARD,INIT,
15.651,1770396659.751239,2.625,3.887,-1.007,-1.053,-0.233,0.008,2.828955888748169,-0.49832576513290405,-146.2601776123047,OFFBOARD,INIT,
15.752,1770396659.851777,2.511,3.858,-1.006,-1.034,-0.280,0.010,2.8942437171936035,-0.48753759264945984,-143.2755584716797,OFFBOARD,INIT,
15.852,1770396659.951982,2.408,3.826,-1.005,-1.013,-0.322,0.008,2.985051393508911,-0.4838297665119171,-140.23660278320312,OFFBOARD,INIT,
15.953,1770396660.053052,2.299,3.787,-1.004,-0.987,-0.367,0.006,3.0881645679473877,-0.4434570372104645,-137.2518310546875,OFFBOARD,INIT,
16.054,1770396660.154145,2.201,3.747,-1.004,-0.959,-0.410,0.006,3.161846399307251,-0.4664251208305359,-134.3060302734375,OFFBOARD,INIT,
16.155,1770396660.254823,2.099,3.699,-1.004,-0.925,-0.457,0.005,3.2248570919036865,-0.47715073823928833,-131.33944702148438,OFFBOARD,INIT,
16.256,1770396660.356274,2.007,3.650,-1.003,-0.892,-0.498,0.005,3.2689361572265625,-0.522765576839447,-128.3636932373047,OFFBOARD,INIT,
16.358,1770396660.457509,1.913,3.592,-1.003,-0.853,-0.540,0.004,3.2808902263641357,-0.5303956270217896,-125.41084289550781,OFFBOARD,INIT,
16.458,1770396660.557897,1.829,3.535,-1.003,-0.816,-0.579,0.004,3.3165457248687744,-0.5724877119064331,-122.47151184082031,OFFBOARD,INIT,
16.559,1770396660.658615,1.744,3.469,-1.003,-0.774,-0.619,0.003,3.3317930698394775,-0.6065903306007385,-119.53215789794922,OFFBOARD,INIT,
16.660,1770396660.759571,1.669,3.405,-1.002,-0.732,-0.655,0.003,3.3510994911193848,-0.6946425437927246,-116.59675598144531,OFFBOARD,INIT,
16.760,1770396660.859787,1.593,3.332,-1.002,-0.683,-0.694,-0.046,3.331616163253784,-0.7622578740119934,-113.63744354248047,OFFBOARD,INIT,
16.861,1770396660.960469,1.528,3.261,-1.012,-0.631,-0.731,-0.186,3.244368314743042,-0.8407949805259705,-110.67723083496094,OFFBOARD,INIT,
16.961,1770396661.060956,1.463,3.180,-1.040,-0.574,-0.772,-0.396,3.0862793922424316,-0.8658452033996582,-107.70335388183594,OFFBOARD,INIT,
17.062,1770396661.161994,1.410,3.101,-1.086,-0.520,-0.807,-0.613,2.8966941833496094,-0.8323345184326172,-104.75353240966797,OFFBOARD,INIT,
17.163,1770396661.262706,1.358,3.012,-1.158,-0.464,-0.841,-0.862,2.726062774658203,-0.8074991106987,-101.80697631835938,OFFBOARD,INIT,
17.263,1770396661.363462,1.316,2.927,-1.246,-0.414,-0.869,-1.097,2.610372543334961,-0.7882349491119385,-98.84402465820312,OFFBOARD,INIT,
17.364,1770396661.463956,1.275,2.832,-1.364,-0.361,-0.895,-1.341,2.4693167209625244,-0.7610421776771545,-95.87853240966797,OFFBOARD,INIT,
17.465,1770396661.564904,1.244,2.741,-1.493,-0.314,-0.917,-1.548,2.3783223628997803,-0.6963644623756409,-92.9394302368164,OFFBOARD,INIT,
17.565,1770396661.665369,1.216,2.641,-1.654,-0.263,-0.935,-1.754,2.2943766117095947,-0.635421633720398,-90.00447082519531,OFFBOARD,INIT,
17.666,1770396661.765970,1.195,2.547,-1.820,-0.218,-0.948,-1.923,2.198908567428589,-0.5912246704101562,-95.69507598876953,OFFBOARD,INIT,
17.767,1770396661.867157,1.178,2.443,-2.016,-0.170,-0.966,-2.066,2.5752944946289062,-0.3796079158782959,-91.0274429321289,OFFBOARD,INIT,
17.868,1770396661.968453,1.167,2.346,-2.204,-0.123,-0.972,-2.085,2.633474111557007,-0.2639101445674896,-84.91875457763672,OFFBOARD,INIT,
17.970,1770396662.069796,1.161,2.240,-2.406,-0.077,-0.971,-2.018,2.2383503913879395,-0.319960355758667,-79.10529327392578,OFFBOARD,INIT,
18.071,1770396662.171280,1.159,2.143,-2.585,-0.042,-0.968,-1.908,1.8346843719482422,-0.41605356335639954,-74.20489501953125,OFFBOARD,INIT,
18.172,1770396662.271985,1.161,2.039,-2.767,-0.010,-0.963,-1.752,1.6598392724990845,-0.5556262731552124,-69.93806457519531,OFFBOARD,INIT,
18.272,1770396662.372184,1.167,1.943,-2.923,0.018,-0.962,-1.596,1.8164496421813965,-0.6536595821380615,-66.92633056640625,OFFBOARD,INIT,
18.373,1770396662.473390,1.177,1.840,-3.077,0.053,-0.958,-1.419,2.045173168182373,-0.6715860962867737,-64.38020324707031,OFFBOARD,INIT,
18.475,1770396662.574727,1.189,1.745,-3.205,0.087,-0.953,-1.258,2.2668447494506836,-0.6576947569847107,-62.31631851196289,OFFBOARD,INIT,
18.576,1770396662.676135,1.207,1.644,-3.329,0.127,-0.946,-1.090,2.4840407371520996,-0.6783785820007324,-59.99175262451172,OFFBOARD,INIT,
18.678,1770396662.777806,1.220,1.582,-3.398,0.154,-0.940,-0.992,2.591932535171509,-0.6952605247497559,-58.57890319824219,OFFBOARD,INIT,
18.780,1770396662.879502,1.237,1.512,-3.469,0.184,-0.933,-0.886,2.7123987674713135,-0.7826401591300964,-56.821842193603516,OFFBOARD,INIT,
18.881,1770396662.980805,1.254,1.452,-3.526,0.213,-0.928,-0.798,2.8887860774993896,-1.0467222929000854,-54.69868087768555,OFFBOARD,INIT,
18.983,1770396663.083454,1.272,1.391,-3.578,0.245,-0.921,-0.716,2.983884572982788,-1.250427007675171,-53.31201934814453,OFFBOARD,INIT,
19.085,1770396663.185019,1.296,1.324,-3.632,0.282,-0.913,-0.630,3.078406810760498,-1.5174061059951782,-51.46222686767578,OFFBOARD,INIT,
19.186,1770396663.286213,1.318,1.264,-3.674,0.317,-0.907,-0.558,3.138916254043579,-1.82075035572052,-49.0374641418457,OFFBOARD,INIT,
19.288,1770396663.387622,1.343,1.205,-3.713,0.354,-0.901,-0.494,3.176968812942505,-2.178712844848633,-46.53261947631836,OFFBOARD,INIT,
19.388,1770396663.488269,1.374,1.140,-3.751,0.399,-0.894,-0.427,3.1599862575531006,-2.484379291534424,-43.67552185058594,OFFBOARD,INIT,
19.490,1770396663.589633,1.404,1.082,-3.782,0.439,-0.887,-0.372,3.0608859062194824,-2.6652655601501465,-40.82398223876953,OFFBOARD,INIT,
19.591,1770396663.691453,1.436,1.026,-3.809,0.480,-0.881,-0.321,2.9665005207061768,-2.8145720958709717,-38.20934295654297,OFFBOARD,INIT,
19.693,1770396663.792746,1.475,0.963,-3.836,0.529,-0.873,-0.269,2.9002628326416016,-3.0218920707702637,-34.96134948730469,OFFBOARD,INIT,
19.793,1770396663.893192,1.512,0.908,-3.857,0.572,-0.865,-0.229,2.847377061843872,-3.2634692192077637,-31.1964168548584,OFFBOARD,INIT,
19.894,1770396663.993571,1.573,0.826,-3.883,0.640,-0.851,-0.175,2.701693534851074,-3.3692853450775146,-26.390979766845703,OFFBOARD,INIT,
19.994,1770396664.094246,1.646,0.741,-3.906,0.713,-0.831,-0.128,2.5146801471710205,-3.2337772846221924,-21.681161880493164,OFFBOARD,INIT,
20.095,1770396664.195116,1.720,0.664,-3.923,0.774,-0.810,-0.091,2.4172446727752686,-2.9830973148345947,-17.19442367553711,OFFBOARD,INIT,
20.196,1770396664.295543,1.834,0.560,-3.940,0.854,-0.770,-0.051,2.429917097091675,-2.714444875717163,-13.016621589660645,OFFBOARD,INIT,
20.297,1770396664.396672,1.927,0.485,-3.949,0.905,-0.730,-0.028,2.562021017074585,-2.49363374710083,-9.231929779052734,OFFBOARD,INIT,
20.398,1770396664.497679,1.987,0.441,-3.954,0.934,-0.702,-0.016,2.7366209030151367,-2.3253023624420166,-5.828285217285156,OFFBOARD,INIT,
20.499,1770396664.599031,2.080,0.378,-3.959,0.976,-0.656,-0.003,2.9526283740997314,-2.1631689071655273,-2.7765650749206543,OFFBOARD,INIT,
20.600,1770396664.699585,2.218,0.297,-3.963,1.027,-0.582,0.011,3.1780548095703125,-2.002798557281494,0.04584620147943497,OFFBOARD,INIT,
20.701,1770396664.800816,2.328,0.241,-3.965,1.060,-0.522,0.018,3.3559513092041016,-1.805227279663086,2.7109780311584473,OFFBOARD,INIT,
20.802,1770396664.902064,2.433,0.194,-3.967,1.086,-0.462,0.021,3.5384795665740967,-1.6119667291641235,5.22987174987793,OFFBOARD,INIT,
20.903,1770396665.002995,2.549,0.149,-3.968,1.107,-0.395,0.022,3.6986711025238037,-1.4074676036834717,7.717662334442139,OFFBOARD,INIT,
21.004,1770396665.103801,2.659,0.113,-3.968,1.121,-0.330,0.022,3.8337268829345703,-1.2289352416992188,10.380130767822266,OFFBOARD,INIT,
21.105,1770396665.204534,2.779,0.081,-3.968,1.130,-0.258,0.022,3.9403059482574463,-1.119627594947815,12.942134857177734,OFFBOARD,INIT,
